{"sensitivity": 0.09446666666666666, "smoothing": 3.8499999999999996}